person_ctry_code,year,B60L,H01M,F03D,H01L,B60L_RTA,H01M_RTA,F03D_RTA,H01L_RTA
AR,1998,0.0,7.0,2.0,1.13333333333,0.0,1.16754544907,4.22442504086,0.0328868971362
AR,2001,0.0833333333333,0.0,12.25,2.97380952381,0.0596959848132,0.0,8.74296265412,0.0401385846679
AR,2004,0.0,0.0,1.33333333333,1.73125,0.0,0.0,1.11687540545,0.0408965125064
AR,2007,1.45,3.43088023088,7.0,6.27262566138,1.51849962207,0.340682502874,4.73615732892,0.13786216964
AR,2010,0.0,0.0,1.375,7.43293650794,0.0,0.0,0.426202514472,0.160853722891
AT,1998,22.503968254,37.8948412698,12.0,139.064941969,1.97510127301,0.371726025382,1.49068533554,0.23732856702
AT,2001,26.7167989418,60.4256275338,10.5333333333,272.913322985,1.76633992631,0.394243684302,0.693828058654,0.339967295636
AT,2004,23.8681955165,68.0220141188,22.6,391.019361143,1.35940335971,0.346120359664,0.85676469674,0.418034266869
AT,2007,9.4323962149,104.709126984,38.1867424242,742.787532781,0.408708127698,0.430202929509,1.06901856033,0.675468183663
AT,2010,46.7128154253,167.838148148,113.106746032,791.436274175,1.35359412589,0.65520662892,1.45153264537,0.709106775868
AU,1998,1.0,41.2876509455,7.74285714286,35.2843137255,0.134560153004,0.620939460724,1.47466098228,0.0923209453307
AU,2001,6.29212454212,84.6261350492,6.51666666667,108.245344802,0.528134475244,0.700979675955,0.544965340418,0.171190230027
AU,2004,3.92711940837,121.405889185,28.1980880231,186.067673364,0.248151798047,0.68538087358,1.18600727538,0.220698364978
AU,2007,9.50833333333,48.0277296777,39.8071789322,181.882521368,0.468574820695,0.224421361433,1.26741062896,0.1881111628
AU,2010,10.4542328042,67.1907473545,30.8317460317,243.257433169,0.398952042516,0.345440444211,0.521089746252,0.287037019406
BE,1998,1.5,20.9451923077,11.6666666667,161.855072945,0.146566825073,0.228739615537,1.61348778371,0.307519622404
BE,2001,18.7916666667,17.3895502646,28.3857142857,263.859741861,1.42794098808,0.130402831557,2.14902245862,0.377781452828
BE,2004,10.2956349206,26.4201273264,29.4079365079,390.865190802,0.743638437481,0.170487486753,1.41383138802,0.529932505678
BE,2007,3.12222222222,40.005010545,9.72301587302,534.416722539,0.166892830874,0.202761663624,0.335781109903,0.599519015823
BE,2010,5.08333333333,50.0454605778,41.7026190476,519.099126749,0.222498359991,0.295106042265,0.808402108843,0.702541186184
BG,1998,0.25,16.4936507937,3.2,4.74126984127,0.26154354624,1.92856112451,4.7383643085,0.0964496749059
BG,2001,3.0,8.04063492063,8.0,7.95952380952,3.16369147056,0.836790853258,8.40541233954,0.158154842711
BG,2004,1.5,0.760084033613,7.56666666667,19.7326190476,1.49108184626,0.0675026372363,5.00655737767,0.368196642745
BG,2007,1.33333333333,5.84772727273,11.6357142857,14.7499669312,1.42830771075,0.593974416616,8.05299607598,0.331606582964
BG,2010,1.5,3.54672619048,9.97619047619,19.1826465201,1.15912083153,0.369232822261,3.4141929892,0.458341563776
BR,1998,4.5,22.8833333333,10.0,9.23958333333,0.465257470848,0.264431228106,1.4633739254,0.0185752780865
BR,2001,7.02777777778,18.6666666667,23.5,11.5206349206,0.568804293476,0.149095772497,1.89499851987,0.0175688687889
BR,2004,8.16666666667,27.0595238095,33.8214285714,28.0380952381,0.55339894213,0.163818351598,1.52549157767,0.0356637388096
BR,2007,9.25,48.4944444444,63.0119047619,27.6869808332,0.465196235261,0.231251220136,2.04738002251,0.0292226173561
BR,2010,21.5333333333,49.1174603175,77.1904761905,49.9744306418,0.690044984193,0.212049488443,1.0955084758,0.0495173347798
CA,1998,15.4484126984,354.047395151,20.5333333333,183.856927533,0.726802690428,1.86168706053,1.3673087451,0.168195649118
CA,2001,24.216005291,610.22530905,37.0452380952,293.723133703,0.763451368789,1.89855333919,1.16360996806,0.174477555396
CA,2004,52.2945796796,919.528939391,103.811544828,442.328051597,1.33391512114,2.09549113491,1.76255040004,0.211787766496
CA,2007,35.2570827321,657.455094897,106.531096681,583.128648409,0.680961638575,1.20403733356,1.32933385338,0.236368556636
CA,2010,45.0511294261,415.568565684,153.205079349,627.216399849,0.615730785067,0.765179030847,0.92735118336,0.265061014663
CN,1998,55.375,447.796897547,87.6666666667,469.066222034,0.7109464267,0.642564650955,1.5930598822,0.117100673321
CN,2001,269.05952381,1067.69007937,138.805555556,1617.78703677,1.88025155793,0.736319847649,0.966430447458,0.213015633744
CN,2004,423.367694805,2460.88458786,316.647619048,6168.77121371,1.54796376205,0.803865197841,0.77062602575,0.423376361305
CN,2007,716.948941799,4544.28242988,1089.54261905,9592.24934624,1.29775223484,0.779949453975,1.27417527963,0.364395554066
CN,2010,383.852012987,2428.96212478,956.307595599,4464.79898969,0.815971019932,0.695611640505,0.900314820031,0.293464849186
CY,1998,0.0,0.0555555555556,0.0,0.5,0.0,0.0805500460047,0.0,0.126124014122
CY,2001,0.0,0.766666666667,0.0,0.6,0.0,0.350649747781,0.0,0.0523946601431
CY,2004,0.75,0.0,0.0,7.59259259259,2.9353234251,0.0,0.0,0.55778863713
CY,2007,0.0,0.75,8.5,6.60257936508,0.0,0.166598235376,12.8650615471,0.324619220654
CY,2010,0.0,0.7,9.04166666667,4.42222222222,0.0,0.193619155354,8.2214698615,0.280736527674
CZ,1998,4.83333333333,4.8375,13.0833333333,25.2742424242,1.43808959064,0.160869157245,5.50975226717,0.146224261855
CZ,2001,1.0,4.17665834166,9.0,12.2686813187,0.253261390688,0.104388257859,2.27095047953,0.0585449463699
CZ,2004,9.72777777778,9.6487293956,10.75,13.1300444925,2.28636890685,0.202605717939,1.68176573688,0.0579273593055
CZ,2007,2.70238095238,11.3173280423,16.6666666667,22.7668374218,0.485831969297,0.192921668145,1.93584090566,0.0858996268352
CZ,2010,9.15436507937,25.1697222222,15.2714285714,48.6351190476,0.85092548647,0.315193252653,0.628678850302,0.139783706733
DE,1998,378.263893536,1448.19631837,336.667857143,4784.322021,1.74546068073,0.746887573898,2.19882824491,0.429277059541
DE,2001,449.678379532,2639.69138547,694.447835498,7997.29031352,1.53240830199,0.887726850212,2.35780717434,0.513496975809
DE,2004,417.010376201,2743.88128044,1249.83366883,9260.99061863,1.32080030406,0.776433960237,2.63491670132,0.550595442269
DE,2007,493.15764097,2744.15088395,1131.40585761,9871.64677854,1.25503225073,0.662177915377,1.86023982268,0.527239305871
DE,2010,863.798819479,3931.06315196,1847.55123136,9935.95734525,1.63832803662,1.00446188998,1.55192464128,0.582694933255
DK,1998,1.25,49.1167443667,46.8484848485,16.7476190476,0.13628274591,0.598512256347,7.22937716224,0.0355047150652
DK,2001,1.66666666667,91.4500555001,153.146428571,42.0515086765,0.135823944366,0.73547052737,12.4345659314,0.0645701372797
DK,2004,1.16666666667,55.6365440115,274.147142857,51.0403108466,0.0865453214549,0.368727779173,13.536453676,0.0710714187976
DK,2007,0.5,164.260912698,392.175569986,85.9544083694,0.030273565529,0.943029735179,15.3410646682,0.109222164175
DK,2010,5.2003968254,191.210793651,959.283064898,64.1509401709,0.232985526252,1.15409098285,19.0337831434,0.0888666378334
EE,1998,0.333333333333,0.0,1.0,1.0,2.01124959589,0.0,8.54007520718,0.1173246643
EE,2001,0.0,0.163636363636,0.0,1.87777777778,0.0,0.0987462236271,0.0,0.21634840549
EE,2004,2.33333333333,1.65619834711,1.0,6.05242424242,8.03794658342,0.509717546842,2.2929400605,0.391365520564
EE,2007,0.5,8.0,2.66666666667,8.86618357488,1.14056936095,1.73037116518,3.93008391593,0.424460682913
EE,2010,0.5,1.66666666667,7.83333333333,6.21014492754,0.430309071239,0.193238844862,2.98567812611,0.165255338758
ES,1998,12.5952380952,41.3166666667,27.7666666667,32.3474867725,1.05380509877,0.386359685351,3.28815386269,0.0526255385812
ES,2001,16.8928571429,40.2463203463,90.9083333333,46.9433315751,1.03113291565,0.242432830795,5.52855206864,0.0539893363343
ES,2004,14.6964285714,31.7031746032,88.5103896104,55.5755183244,0.772031414452,0.14879036999,3.09486556075,0.0548013875741
ES,2007,7.52380952381,67.6204834055,272.181442577,140.466018205,0.280736559075,0.239241786765,6.5614690793,0.109997168188
ES,2010,41.4382936508,44.3815656566,370.971358826,215.200450832,1.02470705799,0.147854881898,4.0627876761,0.164544854818
FI,1998,2.1,16.6416666667,20.8333333333,126.779599567,0.153638922361,0.136079087951,2.15732308566,0.180357176995
FI,2001,1.5,31.9839133089,14.5307692308,95.2338021701,0.0732691880179,0.154175523225,0.70715544955,0.0876483576568
FI,2004,3.14285714286,27.9137057387,11.7253968254,189.137038055,0.153018983198,0.121419118016,0.379990371385,0.172855070457
FI,2007,5.48849206349,52.6176948052,32.6902319902,228.593817906,0.238813523025,0.217087730452,0.918978333437,0.208746599128
FI,2010,11.8672619048,94.1993746994,31.9944444444,233.480587336,0.41261195624,0.441239605005,0.492665029755,0.251006706031
FR,1998,79.1038059163,433.500500361,48.2583333333,1286.21202207,1.04356161496,0.639179641041,0.901088623413,0.329940309337
FR,2001,143.566100566,427.167068335,66.6388888889,1893.78569012,1.45866262949,0.428306265907,0.674569757016,0.362540326978
FR,2004,146.25009374,713.625086468,87.6821428571,2340.8738058,1.39645274901,0.608764204357,0.557269942005,0.419558924116
FR,2007,169.37281746,972.2573851,100.811111111,2617.68707929,1.28211121736,0.697847977913,0.493028226731,0.415861551976
FR,2010,258.717756345,1001.07415088,197.526424964,3157.56653389,1.4059193984,0.732884641079,0.475384778902,0.53055445246
GB,1998,30.9813492063,276.850357906,17.3428571429,557.075612883,0.589999131182,0.589262423934,0.467461838316,0.206284828145
GB,2001,24.1353174603,520.826839604,36.0702380952,1063.30840112,0.34033016055,0.72476045877,0.506748648809,0.28250699634
GB,2004,15.608958634,501.720587817,108.96007215,1269.40032723,0.209160978071,0.600644581635,0.971848319562,0.31929359682
GB,2007,25.7340094123,588.287744473,174.603099678,1436.39105971,0.292059409194,0.633069125506,1.28025679905,0.342125537643
GB,2010,53.4672438672,460.627063614,322.163967236,1441.3920898,0.460662359934,0.534662306193,1.22929970356,0.38399036827
GR,1998,0.0,0.342857142857,1.0,3.88805916306,0.0,0.0915726838791,3.38231925969,0.180665442185
GR,2001,0.0,8.25714285714,0.0,9.9730952381,0.0,1.50801772538,0.0,0.347756648724
GR,2004,0.0,1.45751730568,5.0,9.24628427128,0.0,0.174132118368,4.45051872209,0.232096379968
GR,2007,0.0714285714286,7.92441447441,4.75,18.4392085538,0.0659925607238,0.694205075785,2.83529348998,0.357531528379
GR,2010,1.82063492063,11.8826388889,31.8166666667,18.1783730159,0.580059300389,0.510032218559,4.48941843665,0.179080295745
HR,1998,0.0,0.0,2.0,0.0,0.0,0.0,7.00425786747,0.0
HR,2001,1.0,0.0,10.25,3.46203703704,1.41194892965,0.0,14.4191288008,0.092102885753
HR,2004,0.0,0.133333333333,8.75,2.83333333333,0.0,0.0114750341477,5.61046384005,0.0512328933331
HR,2007,0.0,2.33333333333,5.0,7.06904761905,0.0,0.229915057595,3.35694667819,0.154171111615
HR,2010,1.0,1.0,11.6666666667,3.81666666667,0.848323597585,0.114286973961,4.3832295894,0.100112670408
HU,1998,1.33333333333,13.1666666667,8.0,1.93055555556,0.627343138201,0.69239650944,5.32759095826,0.017662444695
HU,2001,1.5,8.70833333333,3.5,8.18333333333,0.50371993032,0.288593557454,1.17101399985,0.0517786420919
HU,2004,4.475,11.75,12.8333333333,10.9406746032,1.37351361912,0.32220086643,2.62182546164,0.063033134009
HU,2007,5.5,6.71180555556,17.0,11.5468420468,1.51877314632,0.175738604025,3.03291707605,0.0669179299369
HU,2010,3.875,10.8928571429,34.1666666667,15.1371031746,0.753311781915,0.285285728882,2.94165370329,0.0909890415437
ID,1998,0.0,2.0,0.0,0.858333333333,0.0,1.65029362546,0.0,0.123218718404
ID,2001,0.0,0.933333333333,0.0,5.45476190476,0.0,0.476291479021,0.0,0.531472333698
ID,2004,0.0,0.35,0.0,12.8114718615,0.0,0.268674075389,0.0,2.06629682168
ID,2007,0.0,0.244412878788,0.0,31.92562981,0.0,0.116435446206,0.0,3.36629417731
ID,2010,0.0,0.0763888888889,1.0,27.1782257095,0.0,0.0305558923438,1.31496887682,2.49513448939
IE,1998,0.0,1.275,2.16666666667,21.9765843812,0.0,0.066840727741,1.43841745376,0.200438277603
IE,2001,2.07407407407,3.59027777778,3.83333333333,42.6965325311,0.610235330383,0.104244907422,1.12368824632,0.236694535311
IE,2004,0.0,5.70279839208,1.53571428571,103.19915202,0.0,0.12969850931,0.260215315908,0.49312731208
IE,2007,0.0833333333333,16.6984126984,2.25,91.6923643164,0.0145137628178,0.275761761019,0.253177542769,0.335153293604
IE,2010,2.16666666667,18.7182539683,32.4722222222,110.170806878,0.24684347106,0.287296320767,1.63842827799,0.38809615416
IL,1998,0.658333333333,76.0251881932,1.83333333333,110.921726409,0.115253287403,1.48757062506,0.454279754048,0.377594963238
IL,2001,1.0,101.621282803,2.0,207.576761312,0.0937021401193,0.939697117629,0.186713479837,0.366480424004
IL,2004,0.4,85.6877888798,7.86904761905,228.775874372,0.0305238477851,0.584180600858,0.399692347044,0.327698445075
IL,2007,3.60555555556,99.6700735576,12.0119047619,316.03411057,0.175113992363,0.458998242195,0.376913708025,0.322130369228
IL,2010,14.7135281385,54.2455636956,34.3345238095,373.112836251,0.510699525314,0.25365769553,0.527795326405,0.400435052197
IN,1998,0.306666666667,2.9537037037,0.2,32.9509594527,0.304180905568,0.32744994125,0.280782374371,0.635529239266
IN,2001,0.0,3.14196248196,2.0,88.0633572228,0.0,0.0999302269115,0.64219708506,0.534761268018
IN,2004,0.593055555556,30.9473384948,0.775,119.539755771,0.083222497751,0.38798736215,0.0723888107143,0.314878204739
IN,2007,1.4755952381,28.5337564442,9.44880952381,246.644435603,0.125742777762,0.230553829744,0.520204726665,0.441099108192
IN,2010,21.1444444444,60.2553714639,50.7166269841,359.668643266,0.895145126067,0.343659320168,0.95089686677,0.470807112701
IT,1998,32.1166666667,177.739464286,13.75,589.956919446,1.09946756895,0.680061892166,0.666237583196,0.392712164576
IT,2001,32.2452380952,181.261932512,7.5,656.712062977,0.805184598836,0.446673501276,0.186589543416,0.308977891047
IT,2004,15.8556709957,280.625653488,49.2520833333,529.348146465,0.377080232091,0.596245915114,0.779647188789,0.236306357412
IT,2007,30.943523606,225.931240131,64.6952380952,564.102103918,0.629245500106,0.435636463924,0.849970910199,0.24074491593
IT,2010,20.2279220779,134.989357864,126.121167027,568.119850709,0.352381628881,0.316808411717,0.973051550995,0.306016763161
JP,1998,282.644498043,3332.09665908,6.75952380952,17311.5081873,1.67892242998,2.2121791761,0.0568303941518,1.99952618779
JP,2001,362.092657347,5489.2495827,37.6050685426,23600.2095491,1.53516266188,2.29668466246,0.158846347369,1.88526792824
JP,2004,505.771472791,7768.95267967,197.972743923,32658.2858296,1.65403298451,2.26987122335,0.43094278103,2.00478632183
JP,2007,867.556928743,10482.7976506,172.553415103,40470.7006876,1.97336787364,2.2609182501,0.253580015925,1.93196763756
JP,2010,1040.79928647,10087.3809128,691.771421634,37848.1223249,1.77476250554,2.31732456738,0.522422360893,1.9955419598
KR,1998,109.073809524,797.322661489,14.75,15856.3527856,1.30390201587,1.06529820767,0.249569188093,3.68578391669
KR,2001,140.100396825,1621.9807001,118.4,22401.2832563,0.889126328329,1.0158357649,0.748638184831,2.67867202548
KR,2004,163.900209235,2459.3626321,117.575,22542.6091808,1.0597484251,1.42067503494,0.506014114323,2.73597624648
KR,2007,338.634506735,7220.84825359,321.540079365,44022.0733152,0.939610051297,1.8997753469,0.576411919285,2.5635157429
KR,2010,746.73664843,6184.75155012,1265.13492063,37325.2072841,1.29390451009,1.44375068924,0.970861961297,1.99977094812
LT,1998,0.0,0.0,0.5,1.23333333333,0.0,0.0,3.36461078189,0.11401786966
LT,2001,0.0,0.0,0.8,0.966666666667,0.0,0.0,4.66118320647,0.106514639398
LT,2004,0.0,1.0,0.8,1.86588966589,0.0,0.360998371566,2.15164537569,0.141523044991
LT,2007,0.0,0.0,1.0,5.13226773227,0.0,0.0,2.43196756253,0.405447605516
LT,2010,0.166666666667,0.166666666667,11.6666666667,7.55731292517,0.304166459339,0.0409775990168,9.4296428519,0.426455032996
LU,1998,0.5,23.5015873016,0.0,4.20833333333,0.53416423091,2.80617407329,0.0,0.0874212529258
LU,2001,0.0,22.9136243386,0.0,2.6005952381,0.0,1.57290460273,0.0,0.0340839708574
LU,2004,0.0,14.4411221054,1.40625,10.4726190476,0.0,0.871618607566,0.632358780242,0.132805732291
LU,2007,0.283333333333,15.2555555556,9.1875,24.8144444444,0.145048406731,0.740527012875,3.03874346938,0.266605374964
LU,2010,0.405555555556,12.7047619048,19.1965277778,16.6497420635,0.124583580023,0.525789813618,2.61167429702,0.158147098183
LV,1998,0.0,5.5,13.1916666667,0.766666666667,0.0,2.05982220964,62.5645857156,0.0499531765649
LV,2001,0.0,3.0,21.5,0.0,0.0,1.21459534419,87.8802477942,0.0
LV,2004,1.0,0.5,11.0,0.0,3.50130694266,0.156404446697,25.63582166,0.0
LV,2007,1.0,0.0,0.0,0.025,3.59718029224,0.0,0.0,0.00188734487753
LV,2010,0.0,0.0,16.0,3.41666666667,0.0,0.0,17.2021085773,0.256461215904
MT,1998,0.0,0.0,0.0,0.0,0.0,0.0,0.0,0.0
MT,2001,0.0,0.0833333333333,0.0,0.129166666667,0.0,0.124769752338,0.0,0.0369240932363
MT,2004,0.0,0.666666666667,0.0,0.366666666667,0.0,0.712370119889,0.0,0.0823198075277
MT,2007,0.0,10.6966666667,0.0,3.54761904762,0.0,4.46802785296,0.0,0.32798641381
MT,2010,0.0,2.19428571429,0.533333333333,5.60714285714,0.0,0.652023513159,0.520978145483,0.382401672431
MX,1998,0.05,2.97916666667,0.0,2.72222222222,0.0917251709643,0.610837848869,0.0,0.0971055821411
MX,2001,0.0,1.44444444444,0.0,6.99079365079,0.0,0.135807834693,0.0,0.125492939712
MX,2004,1.0,9.08333333333,2.0,2.36563958917,0.547640316673,0.444415882944,0.72903735257,0.0243180564011
MX,2007,0.5,15.5087301587,6.5,6.29930555556,0.179965503075,0.529289265107,1.51152039595,0.0475840045048
MX,2010,1.89285714286,6.72222222222,13.4818181818,26.2776034151,0.341729980552,0.163498320118,1.07795241841,0.146687890694
NL,1998,5.92857142857,115.513158369,32.2,635.480513472,0.229285023672,0.499309355972,1.76260896344,0.477892225543
NL,2001,22.1035742036,242.356061901,54.475,1549.39445858,0.586161620795,0.634252915446,1.43928990651,0.774175478789
NL,2004,9.92067099567,167.198383324,76.5297619048,2185.5724341,0.212334352309,0.319712926188,1.09026971441,0.878070300483
NL,2007,5.49943787931,172.782412391,73.3447979798,2374.6485656,0.0946744075913,0.282040460252,0.815764885031,0.857951413078
NL,2010,10.4277777778,119.003481842,159.176587302,1756.05651194,0.157759191466,0.2425480339,1.06651747383,0.8214566662
PL,1998,5.70833333333,23.9656565657,14.75,37.4695048227,0.885710162173,0.415608333364,3.23928226408,0.113047861556
PL,2001,4.75,20.7708333333,23.2,43.0428715729,0.722158886048,0.311635398151,3.51417433084,0.123299957426
PL,2004,7.4375,20.2797619048,33.6666666667,36.6491266716,1.12159515381,0.273225295405,3.37935359465,0.103742723341
PL,2007,4.83333333333,29.4511904762,35.7833333333,40.4757583375,0.661034143691,0.381924558293,3.16183595281,0.116177276603
PL,2010,12.0,57.9099206349,87.6194444444,75.0313049715,0.745448916522,0.48464618399,2.41058815777,0.144119387545
PT,1998,0.0,1.33333333333,4.0,2.0101010101,0.0,0.350580511109,13.3189773957,0.0919509874245
PT,2001,0.0,0.171428571429,9.63333333333,11.89,0.0,0.0226724464248,12.8627616436,0.300238139803
PT,2004,0.0,2.10476190476,1.0,9.4627960928,0.0,0.20824576256,0.737137767599,0.196710998241
PT,2007,3.16666666667,4.83333333333,10.5,14.6611111111,1.90886562855,0.276259575898,4.08925036605,0.185476522729
PT,2010,3.66666666667,7.95625,17.4333333333,40.947706229,1.20296348092,0.351661334588,2.53307080139,0.41538791561
RO,1998,3.33333333333,7.16666666667,5.0,8.66666666667,1.91699217341,0.460650358089,4.0699218451,0.0969160674275
RO,2001,6.66666666667,4.0,8.75,7.74166666667,6.23699759886,0.36930104706,8.15588430088,0.136465805602
RO,2004,10.6666666667,4.4,1.5,17.0125,10.2686967299,0.378432291635,0.961174487693,0.307425304154
RO,2007,5.16666666667,5.59015151515,19.4166666667,21.3520238095,3.88729941234,0.398803273212,9.43829655469,0.337151927562
RO,2010,10.3166666667,7.03822751323,28.3,54.5787903763,2.96397592906,0.272416721001,3.60087123023,0.484844469473
RU,1998,8.625,25.329427736,15.0931818182,81.8711855445,2.30867591325,0.757777767857,5.71819738552,0.426125028342
RU,2001,9.51666666667,23.491047101,17.1666666667,115.862376281,1.68889835471,0.411409903778,3.03529423056,0.387421417371
RU,2004,53.45,160.357517895,135.333333333,335.712243879,1.55272230736,0.416182979626,2.61682833266,0.183061970409
RU,2007,71.9262626263,256.719856602,166.980555556,529.816454078,1.32695020381,0.449080480187,1.99028113898,0.205135878414
RU,2010,103.016666667,216.500467172,223.130555556,582.035368968,1.11804072885,0.316551339257,1.07249446599,0.195318227357
SA,1998,1.0,0.0,0.0,0.122685185185,14.6464385895,0.0,0.0,0.0349402697426
SA,2001,0.0,0.0,0.666666666667,0.930158730159,0.0,0.0,3.57253450886,0.0942651429175
SA,2004,0.0,1.04395604396,0.0,0.802777777778,0.0,0.374840268242,0.0,0.0605613197894
SA,2007,0.0,2.8625,0.0,2.95972222222,0.0,0.558385980615,0.0,0.127788399483
SA,2010,0.0,2.19305555556,0.2,5.83142857143,0.0,0.218677173238,0.0655593303879,0.133455617224
SE,1998,11.5879370629,57.4126373626,28.2666666667,574.600327992,0.405002098814,0.224270038174,1.39829953845,0.390498267397
SE,2001,8.68892675951,136.991831339,69.0543650794,572.593502701,0.241896193923,0.376366778553,1.91535906922,0.300352916747
SE,2004,4.88270757021,85.0304368745,57.5838095238,276.265812233,0.147870669263,0.230061867659,1.16076976691,0.157048335262
SE,2007,18.5384920635,101.400106838,27.9694444444,258.497948978,0.474076534334,0.245872553903,0.462103532796,0.138733137525
SE,2010,40.1676587302,95.6975468975,134.757539683,311.772655506,0.772833716623,0.248053599579,1.14828184223,0.185477327895
SI,1998,1.33333333333,1.75,1.66666666667,7.15,2.1640254812,0.317449242968,3.82866046673,0.225648146803
SI,2001,0.0,4.75,4.0,8.57936507937,0.0,0.489518729627,4.16177072006,0.168810587012
SI,2004,0.0,6.87619047619,0.5,3.76666666667,0.0,0.42978409867,0.232834811946,0.0494647246067
SI,2007,0.0,1.63333333333,1.0,2.14761904762,0.0,0.0856300282721,0.357219428239,0.0249206850249
SI,2010,0.866666666667,5.83333333333,3.33333333333,12.2178571429,0.304942818579,0.276514746328,0.519434682426,0.132924374665
SK,1998,0.0,0.0,2.5,0.75,0.0,0.0,6.57769354494,0.0271095629126
SK,2001,0.0,6.83333333333,2.0,2.54583333333,0.0,0.993130666046,2.93458191799,0.0706435608692
SK,2004,0.0,9.06,5.0,7.46,0.0,1.1580275035,4.76141620219,0.200338983522
SK,2007,3.0,2.57142857143,2.5,5.69646825397,3.1995972073,0.260043561383,1.72264369013,0.127505461774
SK,2010,6.41666666667,0.520833333333,6.54166666667,9.76626984127,2.92933345568,0.0320326810765,1.32261555174,0.137857791993
TR,1998,0.0,1.7525210084,2.0,0.597222222222,0.0,0.518567685984,7.49435171243,0.0307445159141
TR,2001,3.0,1.08024691358,4.0,2.7685515873,3.06910273066,0.109060357453,4.07705274103,0.0533660834058
TR,2004,1.0,2.39238095238,3.0,5.56984126984,0.429614386355,0.09182439148,0.857875850223,0.0449165616471
TR,2007,7.92857142857,15.809214212,11.9761904762,27.5408369408,0.917826268713,0.173529537823,0.895706301412,0.0669101073706
TR,2010,8.86666666667,49.9178571429,40.25,32.6206878307,0.490142523049,0.371751834152,0.985402742278,0.0557568692917
TW,1998,5.79325396825,97.4859168609,6.58333333333,5060.72475262,0.344322635449,0.64758607264,0.553813224334,5.84867943996
TW,2001,25.4443223443,313.117959818,13.75,10675.4759578,0.434914593237,0.528171279565,0.234159594305,3.43813462244
TW,2004,32.813373979,603.654754412,52.7785714286,11980.5346772,0.377475892302,0.620405821906,0.404129296276,2.587017709
TW,2007,84.3831709957,1293.02308636,202.336111111,14305.596639,0.579896452916,0.842555418038,0.898357926562,2.06323947783
TW,2010,101.98015873,1545.27035151,366.692018806,12830.6121209,0.463260813433,0.945691618216,0.737729620324,1.80218978637
US,1998,207.987469984,3529.69838776,67.785883969,18049.0071432,0.542387509556,1.02878048542,0.250199387555,0.91522509593
US,2001,278.238163445,5326.37993689,154.709798535,26646.1524356,0.518248808543,0.979055852788,0.287101592989,0.93514436623
US,2004,378.020924473,6571.44396985,332.595461483,31920.5027315,0.587754761456,0.912830268658,0.344208036902,0.931611643461
US,2007,484.700561532,6068.27627266,625.474607699,33919.4961884,0.580241494809,0.688808013603,0.483755970957,0.852184647818
US,2010,554.835413763,5498.69941276,1528.26098441,30138.0287518,0.508691529566,0.6791809536,0.620545657119,0.854374822821
ZA,1998,0.791666666667,9.46666666667,0.0833333333333,7.1,0.581631090156,0.77734704591,0.086655968088,0.101429830127
ZA,2001,0.75,22.805952381,0.8,11.8454365079,0.320360524077,0.961345852503,0.340458268733,0.095334773868
ZA,2004,0.157894736842,10.0786368394,0.944444444444,28.4690398887,0.0629162579052,0.358794629543,0.250493244586,0.212937877145
ZA,2007,0.0526315789474,25.1458333333,9.39285714286,10.7400793651,0.0164503712458,0.745234450021,1.89674267783,0.0704507867928
ZA,2010,0.883333333333,25.6617913832,3.36111111111,49.7818181818,0.240363336338,0.940731660235,0.405053468695,0.418849136833
AR,1999,0.0,5.0,0.0,1.83333333333,0.0,1.0005467295,0.0,0.0630941294142
AR,2002,0.0833333333333,0.0,12.25,2.64047619048,0.0566313504803,0.0,6.58740142851,0.0350536317481
AR,2005,0.0,0.133333333333,1.33333333333,4.3425,0.0,0.0147069946646,1.16141604307,0.101838774525
AR,2008,1.45,3.29754689755,7.0,5.24947089947,1.24739635099,0.303981070295,3.28107337511,0.107634753923
AR,2011,1.0,1.35,7.875,6.82135642136,0.429632883586,0.0889463605635,1.69313573118,0.10880014107
AT,1999,12.8445767196,39.601984127,9.0,189.727472204,1.05428667141,0.33888635796,0.998786791402,0.279220632596
AT,2002,26.2928571429,72.1726874184,22.8666666667,312.016411008,1.62204045207,0.428759925907,1.11626327492,0.376022589563
AT,2005,21.6769256752,69.8773351866,20.8333333333,487.124075546,1.19013431235,0.330639908907,0.778469472786,0.490057084454
AT,2008,13.1120919821,113.15952381,43.0295995671,769.073896315,0.496473244498,0.459128302098,0.887713044893,0.694052711507
AT,2011,71.8969291819,216.595489418,130.024603175,848.362104909,1.62823400101,0.75223370041,1.47358676826,0.713261759856
AU,1999,3.45421245421,49.0882156586,7.47619047619,64.2294391393,0.430148103968,0.637300758323,1.25875348748,0.14341066978
AU,2002,4.98791208791,105.971760812,7.31666666667,119.587184017,0.367724809316,0.752335755717,0.426832310581,0.172227056919
AU,2005,5.35211940837,90.0999464243,38.4730880231,202.8571707,0.307359470546,0.445929278817,1.50370411264,0.213461697465
AU,2008,8.00277777778,56.7445256133,32.8988455988,204.156121413,0.36525042798,0.277519201714,0.818110696014,0.222081767366
AU,2011,11.1847883598,72.1536670737,34.6341269841,211.709533557,0.352951405213,0.349174445857,0.546934208626,0.248021175577
BE,1999,3.0,21.4124542125,13.9166666667,192.524714406,0.269512982262,0.200550202287,1.69038263246,0.310115369021
BE,2002,27.2916666667,27.8070887446,33.2523809524,335.238973826,2.02849718744,0.199029423766,1.95572134391,0.486756157416
BE,2005,0.378968253968,26.9091364654,24.7912698413,426.263901922,0.0251807202176,0.154093999782,1.1211110302,0.518982438536
BE,2008,6.20555555556,45.6437285069,24.7399206349,502.395101364,0.312528944836,0.246325732609,0.678874217771,0.603053019709
BE,2011,2.13888888889,69.5284390444,35.171031746,545.932658318,0.0769588840743,0.383645330349,0.633285207905,0.729240557013
BG,1999,2.75,19.3517460317,2.2,4.41904761905,2.86909247058,2.10489399828,3.10331524316,0.0826644728452
BG,2002,1.5,5.0497665733,10.4,15.0180952381,1.47888726683,0.479438079448,8.11366414239,0.289248599309
BG,2005,1.83333333333,1.62748917749,8.93571428571,14.1259986772,2.03895915373,0.155993265822,6.7636464977,0.287869094432
BG,2008,0.0,7.36666666667,9.34285714286,17.4891941392,0.0,0.766041576752,4.93995934219,0.404513063953
BG,2011,4.08333333333,4.43601190476,12.0,18.3220238095,2.45713553071,0.409358564278,3.61359288286,0.409306765206
BR,1999,3.83333333333,23.3833333333,11.5,8.52916666667,0.375244659497,0.238639635582,1.52204375208,0.0149700379929
BR,2002,7.86111111111,16.6166666667,34.5714285714,17.5033730159,0.604994894267,0.123148490785,2.10535326091,0.0263149241623
BR,2005,8.75,34.5261904762,36.5833333333,29.3126623377,0.547485416842,0.186180338206,1.55787394124,0.0336069080095
BR,2008,12.5333333333,53.9777777778,67.5952380952,29.1701777088,0.544875695373,0.251457700101,1.6011365954,0.030225287718
BR,2011,20.1666666667,38.1674603175,68.9404761905,45.4345238095,0.554438970083,0.160919913607,0.948500589659,0.0463731727736
CA,1999,14.5615079365,457.362943388,18.95,198.001372088,0.6079811257,1.99087018234,1.06975499275,0.148228021857
CA,2002,40.1245421245,695.395170389,51.0177386339,372.600105909,1.13791723417,1.89910801518,1.14488447598,0.206422084468
CA,2005,44.1717571318,900.677998297,116.29950605,459.272506879,1.06719297411,1.8753765704,1.91232053275,0.203318791445
CA,2008,38.3193843194,551.113695994,132.689108114,637.831190766,0.662938195508,1.02167981959,1.25075206844,0.263003056002
CA,2011,46.1681027306,416.826163063,137.496995766,632.734109938,0.491620412807,0.680674921519,0.73269763007,0.250132617983
CN,1999,91.5095238095,545.207215007,93.0,570.308823973,1.04162340885,0.646999958107,1.43126070005,0.116394616667
CN,2002,317.316666667,1401.52196877,185.463888889,3186.17153636,1.73738970477,0.738961276833,0.803532780692,0.34078942798
CN,2005,519.231715969,3216.34227101,504.236507937,7278.62265395,1.54668587667,0.825702911967,1.02225614548,0.397282012055
CN,2008,828.858964646,4788.29906787,1462.70730159,9225.52322112,1.19899302713,0.742226366827,1.15285552001,0.318073543685
CN,2011,105.786259019,1209.03984597,405.634507576,3386.01413569,0.469649902006,0.82315664934,0.901204950279,0.55807805518
CY,1999,0.0,0.0,0.0,1.0,0.0,0.0,0.0,0.174121194491
CY,2002,0.0,0.766666666667,0.0,0.233333333333,0.0,0.31409100324,0.0,0.0193919235084
CY,2005,0.75,0.0,1.5,7.85509259259,2.50235896139,0.0,3.40615291251,0.480229067617
CY,2008,0.0,1.25,9.16666666667,6.58174603175,0.0,0.292993360493,10.9250025926,0.343139186169
CY,2011,0.0,0.241666666667,6.875,5.0875,0.0,0.0622916936699,5.78272963991,0.317454956008
CZ,1999,2.0,1.7,14.0833333333,30.3108724609,0.561166184526,0.0497288757139,5.34266960228,0.152488924568
CZ,2002,2.0,5.31600129038,6.75,7.08145604396,0.509626396511,0.130444090087,1.36102332549,0.0352498345108
CZ,2005,9.64444444444,12.0093864469,12.25,11.2950841751,2.10301080983,0.225686592594,1.81796247321,0.0451297108063
CZ,2008,4.47261904762,16.8548280423,20.1547619048,40.1347342472,0.673208582388,0.271851136521,1.65290100074,0.14398214831
CZ,2011,9.26746031746,28.256031746,11.6761904762,47.1067460317,0.641759742215,0.300068083681,0.404628626093,0.121103318127
DE,1999,424.619120596,1653.80646758,387.871536797,5827.95901134,1.79289637016,0.728012019372,2.21429211845,0.441215232162
DE,2002,439.223742459,2979.83593167,998.051255411,8713.8129928,1.43303585951,0.936226681284,2.57670067868,0.55538236447
DE,2005,433.843466901,2571.5451291,1162.17180736,9540.6273154,1.31182456953,0.670127590811,2.39164970547,0.528601534522
DE,2008,543.353218922,3116.75610849,1317.06449759,10052.8528255,1.26220975302,0.775838270533,1.66700831543,0.556594787106
DE,2011,1216.61821452,4273.04663786,2133.96973184,9673.30235649,1.88940605621,1.01766660122,1.65845213661,0.557708101539
DK,1999,2.41666666667,63.3968142968,89.6687229437,24.9138657639,0.239913764036,0.656151415066,12.0356835134,0.0443463520057
DK,2002,0.5,69.3404401154,169.595634921,44.7897593148,0.0390217527811,0.521123638893,10.4734874231,0.0682854376695
DK,2005,1.66666666667,89.4719516595,303.129401154,54.7952290765,0.117899644003,0.54547054642,14.5940672056,0.0710256603937
DK,2008,1.96428571429,219.018441558,571.435237818,81.4683139083,0.108586815613,1.29739498695,17.2115860566,0.10734002447
DK,2011,5.06944444444,116.082056832,1088.13744468,68.1716666667,0.188743602417,0.662786824221,20.2739945486,0.0942273517318
EE,1999,0.333333333333,0.0,0.0,2.87777777778,2.60372976777,0.0,0.0,0.403044301162
EE,2002,1.83333333333,0.819834710744,1.0,0.0,8.06475350891,0.347290878104,3.48088391378,0.0
EE,2005,0.5,1.0,1.0,7.21909090909,1.79181258964,0.308846887956,2.43897369044,0.474038788675
EE,2008,1.0,9.33333333333,2.66666666667,11.4929951691,1.58032592546,1.58052923511,2.29613190253,0.43289284893
EE,2011,0.0,1.7297979798,7.83333333333,2.81666666667,0.0,0.17926229923,2.64903064695,0.0706632052615
ES,1999,19.2261904762,41.3333333333,32.325,29.9610770571,1.48124984261,0.331996671134,3.36716944697,0.0413876592995
ES,2002,14.0952380952,46.0983044733,108.845238095,48.5609318261,0.802829165868,0.252844253896,4.9056892619,0.0540319120963
ES,2005,10.9535714286,35.025,121.07975469,81.2740762942,0.527198316088,0.145283757636,3.96619751729,0.0716768814414
ES,2008,13.6555555556,62.1478643579,328.460222038,170.870717646,0.457723723447,0.223223210386,5.998715517,0.136509292188
ES,2011,51.0660714286,51.7353090428,406.294246032,215.296057976,0.999857285512,0.155342222594,3.98097946261,0.156495857793
FI,1999,2.0,17.2642857143,22.7333333333,105.311958874,0.129655651843,0.116683190081,1.99258079012,0.122410174055
FI,2002,1.64285714286,38.9315323565,11.4283882784,118.856765992,0.0767657840419,0.17518091835,0.422564251332,0.108493669589
FI,2005,4.87896825397,39.606995782,24.3468253968,242.742212761,0.233887546603,0.163633288491,0.794339178504,0.21322258391
FI,2008,3.60952380952,50.318452381,27.6045177045,211.338781144,0.148527054419,0.221871758027,0.618895402721,0.207269489807
FI,2011,16.3172619048,108.066755652,36.9060846561,222.305904281,0.489924952417,0.497589592322,0.554528595632,0.247796104038
FR,1999,99.1516414141,491.264943001,52.3162698413,1556.62310388,1.21607580036,0.628166445007,0.86753872749,0.34231235736
FR,2002,140.559036715,459.998664313,77.3714285714,1978.83980267,1.37974434938,0.434824327261,0.600980449507,0.379457454478
FR,2005,154.999599871,927.869767582,84.7583333333,2541.66739956,1.40103563534,0.722813540115,0.521417435251,0.420965119755
FR,2008,213.584080299,943.341381444,137.291901154,2689.94437179,1.47205300594,0.696694765278,0.515562028824,0.44187394168
FR,2011,278.82998557,1033.5462056,204.354563492,3392.49025913,1.23298861143,0.700884387034,0.45221777372,0.55692844515
GB,1999,37.8468253968,369.197854298,23.3928571429,706.606948618,0.664191429999,0.675493542169,0.555058095975,0.222341270044
GB,2002,15.0791486291,486.211053299,51.5869047619,1201.26606735,0.203920531477,0.633178808469,0.552031016602,0.317348128745
GB,2005,19.7048761424,509.917546737,137.933484848,1356.25424949,0.256799865048,0.572719128707,1.22341929776,0.323870195308
GB,2008,30.5490226398,613.846312117,214.716551042,1393.24674442,0.320450289441,0.689988878758,1.22718575673,0.348330824247
GB,2011,68.3676056786,426.7290279,369.639563492,1411.83579825,0.48278494353,0.462117518983,1.30624756441,0.370125270815
GR,1999,0.0,6.1,1.0,4.16944444444,0.0,1.30576493869,2.77605654479,0.153494742515
GR,2002,0.0,2.35714285714,1.0,11.8131746032,0.0,0.376173409323,1.31136821938,0.382440608681
GR,2005,0.0714285714286,1.76120944687,4.25,10.4115840949,0.0931438966504,0.197931125755,3.77186295119,0.248775747014
GR,2008,0.0,10.6540556666,12.9166666667,16.5838293651,0.0,0.780590213841,4.81194812126,0.270255407183
GR,2011,3.65396825397,11.5393055556,36.8166666667,29.4640079365,0.834481697862,0.404137005736,4.20765583822,0.24980726858
HR,1999,0.0,0.0,2.0,1.0,0.0,0.0,5.29781783356,0.0351280490522
HR,2002,1.0,0.133333333333,12.5,3.71203703704,1.2573535467,0.0161440895874,12.4367613519,0.0911763729547
HR,2005,0.0,2.0,5.5,5.36904761905,0.0,0.164691230576,3.5765726764,0.0939995715289
HR,2008,0.5,0.333333333333,6.66666666667,6.76666666667,0.490073750107,0.0350097713085,3.56025916581,0.158076292867
HR,2011,0.797619047619,2.25,11.3333333333,1.51851851852,0.582098076196,0.251814112214,4.13906272396,0.0411416723963
HU,1999,0.666666666667,7.83333333333,4.0,2.04166666667,0.315354316265,0.386309037424,2.55824062842,0.017316225953
HU,2002,2.83333333333,9.70833333333,7.0,9.83333333333,0.820378448409,0.270694020326,1.6038158029,0.0556198653143
HU,2005,6.30833333333,9.5,9.33333333333,11.5557539683,1.97875824074,0.256816166287,1.9925049816,0.0664179060179
HU,2008,3.58333333333,12.8546626984,25.8333333333,16.3734293484,0.901868648174,0.346685643486,3.54256610985,0.0982191684664
HU,2011,3.625,4.54722222222,32.1666666667,17.3037698413,0.572476954842,0.110126814302,2.54214170002,0.101449971534
ID,1999,0.0,2.33333333333,0.0,1.225,0.0,1.24158753252,0.0,0.112102885516
ID,2002,0.0,0.85,0.0,6.57142857143,0.0,0.518793613603,0.0,0.813636973859
ID,2005,0.0,0.198958333333,0.0,16.0730925325,0.0,0.171629676852,0.0,2.94793453404
ID,2008,0.0,0.20101010101,1.0,33.4558561809,0.0,0.0868199415554,2.19615986745,3.21406893026
ID,2011,0.0,0.323055555556,0.0357142857143,35.4391564454,0.0,0.114822061905,0.0414225560651,3.04926946803
IE,1999,1.03703703704,3.0912037037,1.5,21.1252802687,0.429091041108,0.133346317622,0.839146525802,0.156724187322
IE,2002,1.03703703704,1.53240740741,3.83333333333,59.6477464561,0.274381310746,0.0390437850357,0.802558541942,0.308295296768
IE,2005,0.0833333333333,8.00954442383,1.53571428571,110.260113341,0.0201545325447,0.166948468929,0.252783624271,0.488631206551
IE,2008,0.0,20.0265873016,7.05555555556,97.2205804843,0.0,0.319081215745,0.571594247531,0.344535463028
IE,2011,3.25,17.6416666667,34.0,101.91422619,0.315236192538,0.262415343172,1.65034722638,0.366985348223
IL,1999,0.333333333333,81.6216460547,2.83333333333,152.359356463,0.0484160276972,1.23598722082,0.556415785481,0.396787430735
IL,2002,1.0,110.620151121,2.28571428571,208.646636991,0.0830524485303,0.884716443634,0.150215331298,0.338513840202
IL,2005,1.95555555556,84.2552894021,13.3333333333,243.668304101,0.133369256237,0.495225952253,0.618883413767,0.304504279791
IL,2008,3.3,78.3007026835,12.8035714286,355.232751159,0.140987155708,0.358467973515,0.298042483458,0.361725504664
IL,2011,14.8635281385,80.9185185185,39.1845238095,352.210401795,0.414303922181,0.345893147206,0.546582102192,0.364468932416
IN,1999,0.306666666667,2.6309042809,1.0,47.4215272183,0.219764347371,0.196559452952,0.968906851491,0.609318786722
IN,2002,0.125,20.2274603175,1.2,108.833524602,0.0273732835667,0.426555604348,0.207939983906,0.4655777073
IN,2005,0.468055555556,16.1330527806,2.49166666667,139.964032747,0.0592000826184,0.175857993335,0.214486215718,0.324377068805
IN,2008,4.35714285714,40.9692112671,15.1976190476,335.503127945,0.287855473425,0.290034317391,0.547053350267,0.528286835592
IN,2011,19.2112301587,66.171010917,70.4951322751,346.353701892,0.599792935512,0.316818724047,1.10140995909,0.401446066356
IT,1999,43.6666666667,174.748305861,14.75,688.87931878,1.38874805988,0.579408177646,0.634244641196,0.392821218297
IT,2002,19.8166666667,205.822789017,17.51875,593.04515229,0.462311966535,0.462397418318,0.323405590027,0.270274386805
IT,2005,14.106006771,311.441202713,47.3916666667,522.644901999,0.333246677345,0.634101029166,0.761988221684,0.226244092442
IT,2008,30.4050925926,188.368207834,97.3178571429,554.442296683,0.581135917333,0.385796324264,1.01345707974,0.252573780184
IT,2011,30.2779220779,112.168772894,130.235452742,581.592970319,0.452144063511,0.256873696109,0.97324837757,0.322426787708
JP,1999,284.338877313,3866.07404319,9.59285714286,19204.5643748,1.57324955361,2.23012785582,0.0717630208186,1.9052159137
JP,2002,419.054503191,6369.02960757,91.5928751804,26653.7668582,1.5910517847,2.32865141416,0.275179053025,1.97690134778
JP,2005,584.259936958,8929.57730516,214.012955563,36416.1740666,1.68510053582,2.21958234051,0.420091902255,1.92452171134
JP,2008,985.516938661,10669.8186028,326.574512987,40334.0160676,2.06680331413,2.39779021811,0.373163175056,2.01607667811
JP,2011,1226.474797,10842.9936411,696.360736486,38031.5463496,1.65641759401,2.24572880462,0.470640374164,1.90684939059
KR,1999,82.0087301587,1068.07572519,30.5666666667,19064.9287884,0.828775381285,1.1253225495,0.417653569537,3.45454066457
KR,2002,148.630068543,1572.21567951,135.833333333,18291.144027,1.02750645149,1.04666430536,0.743060395287,2.47019562719
KR,2005,196.121155364,4253.17504121,139.308333333,32782.9248071,0.893536229627,1.6700198379,0.431965792029,2.73680724113
KR,2008,408.858266595,6724.18413171,551.353968254,44215.1324222,0.974895182007,1.71808177287,0.716303513372,2.51279230676
KR,2011,1019.70429759,7399.71389615,1477.4672619,34593.7178558,1.36576022644,1.51988958726,0.990288591938,1.72011963061
LT,1999,0.0,0.0,0.5,0.9,0.0,0.0,3.26485144716,0.0779332765667
LT,2002,0.0,1.0,1.6,1.12142857143,0.0,0.503483602031,6.61953951011,0.114538670032
LT,2005,0.0,0.0,1.0,2.66561771562,0.0,0.0,2.66249149496,0.191077851097
LT,2008,0.0,0.166666666667,4.0,6.41666666667,0.0,0.0558731524662,6.81831028615,0.478459669519
LT,2011,0.166666666667,0.333333333333,7.66666666667,7.47175736961,0.234886386474,0.0720418309951,5.40703743715,0.390924653105
LU,1999,0.5,22.6027777778,0.0,5.39781746032,0.452309551803,2.1316985618,0.0,0.0875512429053
LU,2002,0.0,18.2860956504,1.19791666667,9.34444444444,0.0,1.14554023612,0.616649570939,0.118751207927
LU,2005,0.0,14.5341269841,2.20833333333,5.61984126984,0.0,0.823729974954,0.98838110303,0.0677186213823
LU,2008,0.283333333333,17.0222222222,7.4375,26.1472222222,0.126314783478,0.81318968061,1.80661214448,0.27783220876
LU,2011,1.52222222222,10.9114285714,24.8798611111,18.2498488284,0.37616387929,0.413501935499,3.07673918475,0.167424690966
LV,1999,0.0,4.5,3.0,0.0,0.0,1.8009841131,15.5708299788,0.0
LV,2002,0.5,2.0,22.0,0.0,1.67692400666,0.645937925716,58.3856252147,0.0
LV,2005,1.5,0.0,10.0,0.0,5.93202260602,0.0,26.9151047583,0.0
LV,2008,0.0,0.0,9.0,1.025,0.0,0.0,15.992036853,0.0796717258429
LV,2011,0.0,0.0,7.0,2.41666666667,0.0,0.0,8.24769116319,0.211236326239
MT,1999,0.0,0.0,0.0,0.0666666666667,0.0,0.0,0.0,0.0325377989706
MT,2002,0.0,0.0833333333333,0.0,0.429166666667,0.0,0.0929941727632,0.0,0.0971534334085
MT,2005,0.0,6.08333333333,0.0,0.0,0.0,5.24773462208,0.0,0.0
MT,2008,0.0,7.47428571429,0.2,6.97619047619,0.0,2.60408148797,0.354304945383,0.540610698005
MT,2011,0.0,0.8,0.5,2.60714285714,0.0,0.26089987827,0.532109107302,0.205832059828
MX,1999,0.05,3.3125,0.0,3.17333333333,0.0805638358637,0.556447557814,0.0,0.0916778020144
MX,2002,0.0,4.69444444444,2.0,5.82857142857,0.0,0.327569767677,1.14675876954,0.0825043639625
MX,2005,1.5,13.1428571429,0.0,3.3739729225,0.75723558136,0.571807952558,0.0,0.0312097389366
MX,2008,0.392857142857,9.28253968254,8.8,11.7872685185,0.112654842865,0.285233886019,1.37492598576,0.0805617537914
MX,2011,4.0,5.80555555556,17.7095959596,27.8567927443,0.51392205477,0.114387337004,1.13864833512,0.132870808961
NL,1999,10.1858974359,145.499380203,39.2,802.914361806,0.361190443345,0.5378935263,1.87937904838,0.510486833793
NL,2002,18.7474747475,233.555020315,73.8,1890.93392559,0.445364130797,0.53429249918,1.38729460563,0.877528868626
NL,2005,8.29920634921,177.480217698,66.369047619,2367.79016682,0.165882199615,0.305727021724,0.902845306019,0.867191924026
NL,2008,5.94388232375,158.668987236,100.256702742,2117.25355478,0.100156851295,0.28649800476,0.9204608325,0.850322857504
NL,2011,25.875,87.4504695767,146.511507937,1538.21228904,0.351881384893,0.182379062836,0.997083134962,0.776592894353
PL,1999,6.625,22.2055555556,18.5,41.9441224273,1.06251559551,0.371286617472,4.01155287616,0.120614330414
PL,2002,5.125,21.7708333333,27.8666666667,44.5232435865,0.771000010136,0.315393673998,3.31730507662,0.130845837006
PL,2005,5.8125,16.8797619048,34.5833333333,35.0598933559,0.87348080851,0.218613696744,3.53705479931,0.0965405528916
PL,2008,5.66666666667,40.1825396825,44.675,49.6380632595,0.629682782275,0.478465497466,2.70483108259,0.131464805292
PL,2011,16.7763888889,62.7466269841,122.861111111,77.9724494024,0.714303379256,0.409705226806,2.61783552313,0.123249906608
PT,1999,0.0,1.33333333333,6.63333333333,1.9476010101,0.0,0.275040158241,17.7452586586,0.0690935502646
PT,2002,0.0,0.171428571429,7.0,12.4160897436,0.0,0.0204585059587,6.86453643331,0.300587378322
PT,2005,0.833333333333,4.10476190476,0.833333333333,10.5408730159,0.829542865573,0.35215081669,0.564577243157,0.19226730973
PT,2008,5.33333333333,4.33333333333,16.7666666667,17.6938492063,2.48258813203,0.21614596698,4.252400034,0.196303838305
PT,2011,2.33333333333,8.28958333333,20.1333333333,47.7624428812,0.659876244936,0.359513589037,2.84934535514,0.501456704421
RO,1999,5.0,6.5,6.5,6.96666666667,3.55475571777,0.481782849408,6.2480497026,0.0888061731303
RO,2002,5.91666666667,3.0,4.25,9.95376984127,5.26509291987,0.257079592785,2.9926625167,0.173033077367
RO,2005,9.41666666667,6.4,7.0,18.9932539683,9.5307186384,0.558250441828,4.82182037127,0.352238332219
RO,2008,8.75,4.60800865801,23.4666666667,32.3734870685,5.44951800249,0.307526408987,7.96311300086,0.480551616689
RO,2011,7.65,9.60330687831,44.25,50.3484646835,1.33970514864,0.257908406566,3.87797285211,0.327337095708
RU,1999,2.125,17.5040309106,12.2848484848,81.8430442413,0.665107799999,0.571175276108,5.19869421312,0.459296619418
RU,2002,21.7833333333,58.2123226269,45.8333333333,144.331679536,1.80993359787,0.465769068115,3.01341971151,0.23426778425
RU,2005,65.9409090909,199.964671301,144.166666667,426.573871733,1.58490582721,0.414211789437,2.35829388674,0.187867463673
RU,2008,84.4686868687,244.488649892,210.327777778,590.386485597,1.29883363287,0.402842773631,1.7621215082,0.216368838381
RU,2011,97.7,214.954811207,209.7,576.351434558,0.838676731027,0.282972414162,0.900828584871,0.183674391723
SA,1999,0.0,0.0,0.0,0.19212962963,0.0,0.0,0.0,0.0364056500737
SA,2002,0.0,1.04395604396,0.666666666667,1.56071428571,0.0,0.484806150819,2.54400004464,0.147029507504
SA,2005,0.0,0.0,0.0,0.463888888889,0.0,0.0,0.0,0.0269361104644
SA,2008,0.0,3.69583333333,0.2,3.86527777778,0.0,0.62955920479,0.173227380978,0.146448976428
SA,2011,0.0,2.79305555556,0.0,11.9883730159,0.0,0.194890233312,0.0,0.202504673612
SE,1999,15.3023310023,75.7828754579,35.7111111111,655.068224262,0.48763281733,0.251770380174,1.53861534209,0.374283114178
SE,2002,3.61392675951,137.957702387,85.133015873,469.983766781,0.101225126378,0.372110859772,1.8868912743,0.257160604703
SE,2005,6.91604090354,82.1125969619,33.4773809524,234.944755249,0.207099979796,0.211910726946,0.682273516628,0.128913098601
SE,2008,21.3833333333,113.410517261,66.1325396825,300.482245151,0.492315273464,0.279795243115,0.829591971135,0.164887313329
SE,2011,64.3781746032,83.9775974026,105.947222222,275.15005398,1.07588238959,0.215221912169,0.886052414317,0.170709206875
SI,1999,1.33333333333,1.75,1.33333333333,10.25,2.05264043389,0.280873272137,2.77526361233,0.282928290535
SI,2002,0.0,6.32142857143,4.0,4.74603174603,0.0,0.560659834671,2.91518866326,0.0853905944952
SI,2005,0.0,4.70476190476,1.5,3.35,0.0,0.254315334705,0.640309644314,0.0385006307423
SI,2008,0.0,2.23333333333,1.0,5.14761904762,0.0,0.122702660128,0.279359068418,0.0629054480563
SI,2011,0.956666666667,6.47764550265,3.83333333333,16.9048941799,0.254534685367,0.264301973963,0.510395237901,0.166978281921
SK,1999,0.0,0.333333333333,0.5,0.0,0.0,0.0630011260553,1.22555473092,0.0
SK,2002,0.0,8.86,2.0,7.7225,0.0,1.19898354756,2.22398555939,0.211998411863
SK,2005,0.0,7.7,5.0,2.89111111111,0.0,0.934179456926,4.79041874214,0.0745748707857
SK,2008,4.66666666667,2.09226190476,2.625,8.03154761905,3.68202037471,0.176894587966,1.12847034245,0.15103554524
SK,2011,4.75,2.52777777778,10.5833333333,13.6817460317,1.56224185593,0.127494206728,1.74189042859,0.167054195031
TR,1999,3.0,1.3025210084,4.0,0.825,5.57942093093,0.252552011267,10.0581758869,0.0275106079806
TR,2002,0.0,2.12024691358,2.0,3.11577380952,0.0,0.151192340159,1.17191418366,0.0450717541285
TR,2005,2.28571428571,5.06873802152,3.0,11.2484126984,0.650983717249,0.124413835429,0.581505697387,0.0587013669703
TR,2008,7.64285714286,25.2595238095,25.0595238095,30.4653739779,0.657599760212,0.232889632273,1.17478976417,0.0624759603359
TR,2011,13.9095238095,53.4078571429,45.2333333333,47.1388095238,0.580858710965,0.342026926398,0.945280144294,0.0730799188799
TW,1999,17.0071428571,176.630361305,8.83333333333,8112.2431058,0.567380651491,0.614337097203,0.398436524377,4.85246583272
TW,2002,20.5724358974,409.614948015,18.85,10677.4366147,0.312129609771,0.598470102819,0.226308300258,3.16467308468
TW,2005,56.027955231,795.353274183,72.4869047619,12596.8510613,0.551534830907,0.674759324873,0.485637554188,2.27216023771
TW,2008,90.1936507937,1301.83388181,288.360353535,14483.4077426,0.519539390115,0.803557902062,0.905022754978,1.98844596534
TW,2011,134.71984127,1587.45459326,408.122141461,13915.8446672,0.472045343052,0.853002623022,0.715625833669,1.81018486387
US,1999,227.462820052,4125.48220686,69.233960892,20817.7625953,0.545635468035,1.03172775619,0.224544651144,0.895374234061
US,2002,344.384067746,5706.9512444,243.710622711,29483.6063469,0.583376849005,0.930952906885,0.32667844139,0.975661892878
US,2005,391.525751314,6576.29424338,386.875645134,32650.8088947,0.577300675901,0.835686951686,0.388237660333,0.882154124106
US,2008,495.568849286,5920.79369732,852.545325924,33351.0293752,0.542361948638,0.694359263495,0.508374930827,0.869951374341
US,2011,626.914095773,5350.56183732,1650.22146374,29437.9991182,0.458797852949,0.600495323426,0.604364952971,0.799802637158
ZA,1999,0.791666666667,15.1416666667,0.0,9.29444444444,0.459692109129,0.916635331513,0.0,0.0967668252192
ZA,2002,0.75,20.4642857143,0.8,8.61587301587,0.322878769789,0.848383528825,0.272526092944,0.0724586295606
ZA,2005,0.210526315789,12.0786368394,2.27777777778,27.6291589363,0.0780064333664,0.385711515554,0.57440725796,0.187586026945
ZA,2008,0.0,21.2569444444,8.17063492063,30.2293650794,0.0,0.667046888622,1.30368802031,0.210991996473
ZA,2011,1.16111111111,23.7173469388,5.25,38.9663419913,0.265272984975,0.830964077423,0.600236284113,0.330498949105
AR,2000,0.0833333333333,0.0,11.25,2.39047619048,0.0999953707078,0.0,15.2104302859,0.051216434318
AR,2003,0.0,0.0,1.0,1.88333333333,0.0,0.0,0.579632147258,0.0294568444997
AR,2006,0.0,3.43088023088,5.08333333333,4.43535714286,0.0,0.350281983168,4.12666280752,0.0972436041592
AR,2009,1.45,0.0,3.625,8.08478835979,1.19467805805,0.0,1.35384235938,0.174575673111
AR,2012,1.0,1.35,9.0,3.86699134199,0.374804618213,0.083227415222,1.97261378404,0.0600401161894
AT,2000,16.0568783069,45.5468434343,10.5,225.050432219,1.20358369255,0.339718726373,0.88681353849,0.301202662608
AT,2003,30.4477725367,80.0787744088,22.7,360.651151344,1.76875587571,0.433034158694,0.943207906665,0.404366774128
AT,2006,13.1897086941,74.9932539683,30.8958333333,590.111911881,0.652429838945,0.331315853968,1.08532069946,0.559853773689
AT,2009,18.3000407,139.724100529,81.6226551227,788.154826681,0.628709479268,0.560562964469,1.2711180126,0.709645865471
AT,2012,79.5581471306,208.6375,96.423015873,829.162218962,1.76083303844,0.759545147348,1.24798351836,0.760214964315
AU,2000,5.03113553114,84.157568528,7.50952380952,74.0063392,0.500571771647,0.833181353658,0.84186135432,0.131471929503
AU,2003,4.69743381618,96.9173285779,19.0888888889,155.862673527,0.333284711421,0.640101029795,0.968734080255,0.213438428652
AU,2006,8.56567460317,67.3102061645,33.8997113997,199.81986014,0.442745371219,0.310738300757,1.24436566428,0.198094640199
AU,2009,10.7986772487,62.5104166667,35.9900793651,231.268509881,0.474490282512,0.320748239276,0.716830982746,0.266321021583
AU,2012,4.34722222222,64.6875956451,27.0857142857,170.008776883,0.136290081605,0.333580860619,0.496577827397,0.220793937336
BE,2000,17.0833333333,16.7384462759,15.9166666667,231.043969746,1.41261214117,0.137724589477,1.48296287016,0.341121218192
BE,2003,13.3611111111,27.6466033966,33.4880952381,376.707809743,0.974350249965,0.187675108989,1.74675573505,0.530216111787
BE,2006,0.22619047619,36.0952964165,15.1944444444,477.812175265,0.0135462783344,0.193071291187,0.646234391049,0.548838424518
BE,2009,6.53888888889,34.0050563458,32.976031746,548.530658809,0.320307789555,0.194519062297,0.732215869913,0.704200993753
BE,2012,3.72222222222,78.8899659118,34.5126984127,485.267926643,0.134604195748,0.469251612174,0.729843655219,0.726944539532
BG,2000,3.0,9.08031746032,1.0,3.79523809524,3.46980592029,1.04503535982,1.30320208351,0.0783766563662
BG,2003,1.5,4.19262371615,11.0666666667,19.865952381,1.43510425979,0.373396678288,7.57317913869,0.36684056698
BG,2006,1.33333333333,4.13939393939,13.269047619,12.4083002646,1.45919247924,0.404605716054,10.3127184141,0.260452036433
BG,2009,1.5,4.7119047619,8.84285714286,19.5788766789,1.41851530928,0.520348608956,3.79064033519,0.485246848669
BG,2012,2.91666666667,5.72172619048,11.4841269841,15.8384920635,1.57427213712,0.507981372136,3.62481308818,0.354136126593
BR,2000,7.19444444444,20.6666666667,10.0,12.9180555556,0.654774326021,0.187159052486,1.02546824298,0.0209920718059
BR,2003,8.5,19.9,40.5714285714,20.6156746032,0.621317296049,0.135406640528,2.12121175075,0.0290849177468
BR,2006,7.75,40.4095238095,43.75,30.2293290043,0.430948259899,0.20069131107,1.72767101524,0.0322398901532
BR,2009,17.0333333333,58.7833333333,82.4285714286,43.671368185,0.64993042781,0.261924762973,1.42568046826,0.0436713087476
BR,2012,13.4904761905,23.5119047619,46.4404761905,25.4036796537,0.446801509151,0.128086356058,0.89945333502,0.0348535781125
CA,2000,17.8507936508,509.243743738,24.7166666667,220.150025457,0.655429966872,1.8605463367,1.02255458749,0.144328228331
CA,2003,52.3891813742,837.291188908,82.7201195863,440.532758835,1.38626096067,2.06239701172,1.56561055555,0.224986966935
CA,2006,33.7884670885,760.464204082,106.197125097,507.912821097,0.734225990113,1.47591534808,1.63882879195,0.211685961343
CA,2009,42.07751924,503.598734149,140.862948163,606.577732539,0.686041120815,0.958825942932,1.04105577217,0.259190254653
CA,2012,45.0656357531,367.008886287,115.804592683,599.231655461,0.442701982345,0.593021241146,0.665252275149,0.243850754128
CN,2000,176.40952381,715.644805195,105.083333333,853.248585717,1.61406051823,0.651540375727,1.0833267419,0.139391772362
CN,2003,355.233766234,1894.104152,230.355555556,4861.86751761,1.5635183021,0.776041513768,0.725198047568,0.4130167081
CN,2006,619.876521164,3948.52405334,758.58015873,8512.10772362,1.42801564839,0.812426303566,1.24104868754,0.376102749004
CN,2009,632.887059885,3763.35621801,1318.37341089,6822.46061806,1.04921916295,0.72856860311,0.990730733962,0.296423901958
CN,2012,74.7986399711,925.969232837,258.466269841,3686.96790252,0.403940171849,0.822522157927,0.816247455256,0.824814129776
CY,2000,0.0,0.766666666667,0.0,1.0,0.0,0.527640008246,0.0,0.123494862064
CY,2003,0.0,0.0,0.0,2.69259259259,0.0,0.0,0.0,0.196045764361
CY,2006,0.75,0.75,5.5,7.47638888889,2.15348567501,0.192337247064,11.2150954524,0.41173162312
CY,2009,0.0,0.5,8.04166666667,7.53452380952,0.0,0.128248561843,8.00664628987,0.433725910727
CY,2012,1.0,0.241666666667,4.0,3.74166666667,1.67429168267,0.0665542167453,3.91638818527,0.259513291244
CZ,2000,1.5,1.45,7.33333333333,16.2442057942,0.398598420996,0.0383405502414,2.19570291105,0.0770737649412
CZ,2003,3.0,8.81897748085,10.5,9.4931022681,0.753097975167,0.206082364151,1.88533587132,0.0459953741627
CZ,2006,8.64444444444,7.77426739927,16.25,17.0902561328,1.72857961859,0.138845939419,2.30762495437,0.0655454409053
CZ,2009,8.10674603175,28.552526455,17.9380952381,43.2469636845,0.996587816327,0.4098912753,0.999591451901,0.139333905965
CZ,2012,11.55,21.9957792208,10.7261904762,43.8907936508,0.698191562495,0.2187054819,0.379168925143,0.109908033327
DE,2000,412.372450926,2104.45640562,543.486544012,6892.46155382,1.57668462577,0.800647121691,2.3413795538,0.470536499824
DE,2003,430.703250213,2993.16543914,1135.06635281,9131.03981599,1.38860711346,0.898306056166,2.61753015094,0.568194786524
DE,2006,459.707294744,2464.01853648,1056.0103126,9837.99917636,1.26975550819,0.607860732815,2.07141172652,0.521179241161
DE,2009,639.014077924,3478.43529827,1655.01861259,9971.61932382,1.40793147583,0.894973441032,1.65291749598,0.575796429025
DE,2012,1278.13430745,4107.37723305,1985.81015633,8505.12404097,1.95618479212,1.03401224689,1.7773204345,0.539234199904
DK,2000,2.41666666667,56.0171911422,131.527056277,33.0170764421,0.226426797427,0.522249971072,13.8852597669,0.0552348862227
DK,2003,1.16666666667,67.8189393939,227.870238095,53.103711335,0.0874268945172,0.473087665565,12.2139201112,0.0768066650079
DK,2006,0.5,138.991432179,274.946305916,54.1094949495,0.0325379226619,0.807847260665,12.7065388373,0.0675359348257
DK,2009,3.3253968254,194.460108225,777.211203426,95.0996234321,0.171176174929,1.16892188205,18.1349387962,0.128295322093
DK,2012,5.70833333333,83.9845471195,1077.052114,53.9351190476,0.216792580709,0.524640942531,23.9202893029,0.0848535706701
EE,2000,0.333333333333,0.0,0.0,2.87777777778,2.3817079205,0.0,0.0,0.367139224914
EE,2003,1.83333333333,1.81983471074,1.0,3.85,7.22054903767,0.667195487563,2.81707230118,0.292661293618
EE,2006,0.5,0.0,1.0,8.04686868687,1.53820405358,0.0,2.18475885435,0.474801933324
EE,2009,1.0,9.33333333333,7.83333333333,8.98188405797,1.14678856147,1.24989996234,4.07199430851,0.26994978237
EE,2012,0.0,2.18813131313,4.66666666667,0.75,0.0,0.268216249814,2.0336930352,0.0231530736872
ES,2000,15.0595238095,44.4296536797,68.5083333333,39.255954402,1.05126051921,0.308615736522,5.38853060528,0.048929235709
ES,2003,15.3333333333,42.9865079365,90.4952380952,48.6490411805,0.832609134828,0.217284691378,3.51479117941,0.0509864354809
ES,2006,6.99880952381,55.0804040404,196.063578219,110.636373845,0.296125565726,0.208147047591,5.89126033472,0.0897824142913
ES,2009,28.3847222222,44.4914862915,342.23969216,191.032534766,0.868435182424,0.158958882499,4.74635633352,0.15317655003
ES,2012,46.9507936508,49.6858140933,396.559112554,189.11121851,0.879091902757,0.153021148423,4.34204076519,0.146680379756
FI,2000,2.5,25.3865079365,24.1333333333,92.5687624875,0.140455530939,0.141921380346,1.52772077758,0.0928596561945
FI,2003,2.33333333333,34.8544261294,10.2228327228,152.145337559,0.110862231401,0.154154829768,0.34741398058,0.139521536353
FI,2006,4.66468253968,40.5113837551,25.9711843712,247.987201302,0.211991652445,0.164435337358,0.838200631595,0.216156127856
FI,2009,5.37142857143,81.2836670274,37.869047619,199.190985965,0.211114172091,0.373066280793,0.674666535307,0.205177365617
FI,2012,17.1125,90.1354074761,27.2102513228,210.86492304,0.524004343136,0.453988191668,0.487246355234,0.267478671809
FR,2000,124.846121934,463.507769083,57.0317460317,1777.51363961,1.40164217869,0.517803693106,0.721450611504,0.356318867871
FR,2003,142.59210941,553.040739296,82.4238095238,2124.56061239,1.38999194136,0.501841164321,0.574696666835,0.399725344809
FR,2006,145.638316498,996.487441152,88.1333333333,2588.50120911,1.20358889046,0.735522154272,0.517252117665,0.410291490439
FR,2009,242.366728206,925.932413444,175.03277417,2895.3215062,1.54942634626,0.691245551563,0.507217833434,0.485095132579
FR,2012,283.550710678,1042.58092653,188.884880952,3087.08085028,1.26409478184,0.764515648144,0.492425705534,0.570112145309
GB,2000,35.2313492063,418.13234783,26.2107142857,812.633045777,0.56176266599,0.663412101459,0.470901735601,0.231356578794
GB,2003,11.91749038,531.987366377,72.3452380952,1288.51041311,0.158885983292,0.660228798412,0.689890131591,0.331561793396
GB,2006,25.4082932167,496.49667139,157.826608947,1421.71648561,0.311834516271,0.544234967045,1.37558831596,0.334659616077
GB,2009,39.4622060946,572.942111195,278.976919007,1410.40259582,0.389778378974,0.6608490266,1.2490558584,0.365099861201
GB,2012,76.2563538749,411.21507918,335.977380952,1226.06732838,0.528007662045,0.468339648355,1.36040697386,0.351675326416
GR,2000,0.0,6.67380952381,0.0,4.5605952381,0.0,1.34143980299,0.0,0.164488925192
GR,2003,0.0,2.8375,4.0,10.58502886,0.0,0.387226949177,4.19436801642,0.299505742167
GR,2006,0.0714285714286,0.63084814151,1.85,16.1003647587,0.0759304548742,0.0598949592429,1.39661057656,0.328262573293
GR,2009,0.253968253968,15.1191391941,19.1333333333,17.6911706349,0.122131504399,0.849044522974,4.17076877498,0.222965171737
GR,2012,3.4,9.36470238095,32.5,29.7142063492,0.810181593264,0.367049925094,4.52878221799,0.293312776439
HR,2000,0.0,0.0,5.0,2.475,0.0,0.0,9.12974280621,0.0716142885678
HR,2003,1.0,0.133333333333,9.0,3.82037037037,1.09449516141,0.0135845404595,7.04572294767,0.0807040046359
HR,2006,0.0,2.33333333333,8.0,7.06904761905,0.0,0.20504634052,5.58989148292,0.133400160895
HR,2009,0.5,0.0,8.66666666667,3.48333333333,0.485268971662,0.0,3.81278059255,0.0886012275755
HR,2012,0.797619047619,2.25,10.3333333333,2.91137566138,0.570992783348,0.264938654176,4.32583711416,0.0863369575894
HU,2000,0.5,11.8333333333,0.5,5.90833333333,0.200037014146,0.471078714884,0.225391845771,0.0422055072898
HU,2003,3.80833333333,10.125,10.6666666667,10.331547619,1.168442612,0.289174393773,2.3408326313,0.0611805794608
HU,2006,5.16666666667,8.83333333333,11.1666666667,8.72420634921,1.47400265932,0.225078416614,2.26240804725,0.0477370271903
HU,2009,4.0,11.3546626984,31.8333333333,17.9692626818,0.930549710081,0.308467170859,3.35690387949,0.109557478623
HU,2012,3.20833333333,4.54722222222,27.1666666667,15.7912698413,0.4951462971,0.115432455946,2.45179992112,0.100956549259
ID,2000,0.0,2.33333333333,0.0,4.35357142857,0.0,1.08798163595,0.0,0.364257251393
ID,2003,0.0,0.95,0.0,9.85021645022,0.0,0.751067612988,0.0,1.6146730846
ID,2006,0.0,0.144412878788,0.0,20.7458919553,0.0,0.0906373938889,0.0,2.79610711525
ID,2009,0.0,0.176388888889,1.0,26.2676978114,0.0,0.0763370542015,1.6799109026,2.55131006487
ID,2012,0.0,0.559797979798,0.0357142857143,36.5221560847,0.0,0.194467348496,0.0441086991821,3.19526924936
IE,2000,2.07407407407,2.85324074074,1.5,24.1636408527,0.712137184241,0.0974818675949,0.580307917448,0.148137683382
IE,2003,0.0,1.77946127946,3.86904761905,85.976340922,0.0,0.0435606181169,0.727757020501,0.436383028225
IE,2006,0.0833333333333,15.9671201814,1.0,106.401736333,0.0169350725331,0.289811963824,0.144320447913,0.414723494625
IE,2009,1.5,13.9099206349,22.3888888889,104.226605617,0.203936691065,0.220843126752,1.3797927312,0.371376901192
IE,2012,1.75,16.3083333333,21.0666666667,83.9476002239,0.173393649052,0.265786196558,1.22063433466,0.344561551395
IL,2000,0.333333333333,104.300030014,1.5,183.10002679,0.0401990038192,1.25160417505,0.203824150667,0.394265458088
IL,2003,1.0,92.7994213792,8.53571428571,221.752072711,0.0778220516613,0.672264709358,0.475129233379,0.333078143544
IL,2006,2.50555555556,83.3253240458,9.08333333333,275.468627627,0.141985499683,0.421733768998,0.365548301445,0.299401326364
IL,2009,9.88019480519,79.7643149971,19.6797619048,382.863825918,0.396970439618,0.374245361679,0.358417909809,0.403152335555
IL,2012,9.85833333333,81.3301587302,35.1416666667,297.214114148,0.260770218976,0.353861910619,0.543590012419,0.325677168358
IN,2000,0.266666666667,3.17418470418,2.2,66.9462450295,0.132309513173,0.156711388262,1.22990865213,0.593078715609
IN,2003,0.302777777778,23.7446645022,0.0666666666667,108.0005179,0.0499456446317,0.36461290199,0.00786595709098,0.343854913929
IN,2006,0.765873015873,22.2128510379,8.28214285714,186.087665109,0.0816874798297,0.211604277296,0.627337151624,0.380678135326
IN,2009,12.2944444444,47.4770812741,26.3863888889,369.889906608,0.687702234985,0.310120635332,0.669034768941,0.542245794083
IN,2012,18.7513095238,72.6855035474,72.0238876864,333.320287999,0.520172722846,0.33165876598,1.16838817376,0.383037338596
IT,2000,43.4714285714,191.571228077,4.5,698.510450657,1.25116206282,0.548638098529,0.145931822245,0.358960234004
IT,2003,13.5119047619,224.985623821,46.0020833333,576.981265839,0.311991559516,0.483585652038,0.75975396682,0.257136514693
IT,2006,24.0728057128,270.801675851,43.3916666667,539.774122145,0.531705639484,0.534216517671,0.680628998537,0.228664229847
IT,2009,23.7382936508,155.384477675,102.822655123,539.697171924,0.451680740519,0.345258860653,0.886845754629,0.269131419319
IT,2012,33.7404220779,113.601510989,132.375615079,545.675103255,0.503469881229,0.278826981328,1.15511598984,0.337303240988
JP,2000,319.324058284,4511.08496483,26.819047619,21111.8127666,1.61093035134,2.26449911437,0.152446097787,1.90166680685
JP,2003,464.039202255,6974.37010424,112.563510101,29593.301212,1.62026231445,2.26687732569,0.281123721389,1.9943429641
JP,2006,693.422558627,9872.85977221,212.480812706,39143.1521582,1.75007010817,2.22547058253,0.380834917502,1.8947629937
JP,2009,1002.9637905,10333.817074,460.966912254,38577.018787,1.99715553285,2.40293779893,0.416076884823,2.01320259111
JP,2012,1355.67726346,11133.586111,661.941908647,37384.7169426,1.66650713716,2.25119773469,0.47584483976,1.90374314758
KR,2000,88.5117063492,1371.91267366,75.15,21523.561365,0.694284392878,1.07080201982,0.66419180218,3.01449521397
KR,2003,153.260508658,1548.61448353,111.0,17792.9205458,1.19566711222,1.12464564779,0.619401433891,2.6791870293
KR,2006,314.745080328,6453.89596934,211.248412698,41635.6614308,1.0326741686,1.89124473648,0.492217871986,2.62006127754
KR,2009,516.958508421,5813.59397422,908.088888889,40418.328336,1.11580069129,1.46531421075,0.888457182458,2.28634345405
KR,2012,975.301000203,7865.52846406,1328.69250992,30454.6261418,1.24811620756,1.65566308326,0.994341259715,1.61448129056
LT,2000,0.0,0.0,0.5,0.866666666667,0.0,0.0,3.04419861695,0.0836163128556
LT,2003,0.0,1.0,1.6,0.504761904762,0.0,0.462473693584,5.6856988667,0.0484012978512
LT,2006,0.0,0.0,1.0,5.51006216006,0.0,0.0,2.5217695287,0.37527008634
LT,2009,0.0,0.166666666667,9.0,8.29255102041,0.0,0.0474150774328,9.93876221816,0.529459719675
LT,2012,0.166666666667,0.333333333333,2.66666666667,2.6680952381,0.231146535664,0.0760405219979,2.16272844382,0.15328630576
LU,2000,0.5,30.0607142857,0.0,4.99087301587,0.383226939335,2.29261614442,0.0,0.0683008837181
LU,2003,0.0,15.0321273964,1.36458333333,10.2293650794,0.0,0.938791184779,0.654825306991,0.132458745059
LU,2006,0.0,9.94603174603,5.72916666667,11.4890873016,0.0,0.519516104445,2.37946204982,0.128870914937
LU,2009,0.283333333333,18.4380952381,12.2694444444,27.7604166667,0.10983881557,0.834697955793,2.15605716243,0.28204365558
LU,2012,2.02222222222,5.55025641026,23.6094246032,16.1158210506,0.515671399571,0.232801041342,3.52066084161,0.170239366167
LV,2000,0.0,1.75,2.5,0.0,0.0,0.720332339112,11.6524348974,0.0
LV,2003,1.0,1.75,30.0,0.0,3.20053427201,0.521378237714,68.6772573636,0.0
LV,2006,1.0,0.0,1.0,0.025,3.85884716332,0.0,2.74042006587,0.00185028745253
LV,2009,0.0,0.0,10.0,2.0,0.0,0.0,13.6822932004,0.158213621147
LV,2012,0.0,0.0,6.0,1.61666666667,0.0,0.0,7.7310520021,0.147562701765
MT,2000,0.0,0.0,0.0,0.129166666667,0.0,0.0,0.0,0.0492327768
MT,2003,0.0,0.0833333333333,0.0,0.366666666667,0.0,0.0854570955535,0.0,0.0779622217643
MT,2006,0.0,8.36333333333,0.0,2.09523809524,0.0,4.55397221899,0.0,0.244999140486
MT,2009,0.0,5.19428571429,0.2,6.63095238095,0.0,1.61728764974,0.241720513207,0.463355586297
MT,2012,0.0,0.8,0.5,2.50476190476,0.0,0.360088665461,0.800122317422,0.283936745066
MX,2000,0.0,2.97916666667,0.0,2.68523809524,0.0,0.384534930501,0.0,0.0621930060351
MX,2003,1.0,7.69444444444,2.0,7.54047619048,0.607615419346,0.435209556972,0.869216553363,0.0884307545476
MX,2006,0.5,12.2095238095,3.0,3.12754435107,0.214380397962,0.467557688645,0.913473355289,0.0257193603112
MX,2009,1.89285714286,10.0214285714,13.3,18.1959565897,0.455244723621,0.281456863659,1.44995968083,0.11469227286
MX,2012,2.7,4.5,13.3762626263,21.1266761017,0.33355791581,0.0914424189899,0.966355438194,0.108119007986
NL,2000,16.7858974359,160.424787851,42.5166666667,1137.83416846,0.527724184359,0.501856935086,1.50608497878,0.638712153113
NL,2003,12.7308080808,229.855326033,86.294047619,2064.49766577,0.283867103214,0.47709628536,1.37628742334,0.888483286063
NL,2006,6.70569551056,147.361888291,55.365,2406.87703367,0.124505408403,0.244371736168,0.730027555327,0.85711660343
NL,2009,7.62072649573,175.245549887,143.64527417,2003.25659889,0.124920520073,0.335459065422,1.06734778513,0.860609577409
NL,2012,29.625,49.3294107744,108.195238095,1125.91205956,0.442553149042,0.121210630247,0.945169815849,0.696746728231
PL,2000,4.125,23.9555555556,24.5,44.2171572872,0.644785734488,0.372600762035,4.31504558974,0.123408780962
PL,2003,8.125,20.1041666667,35.3666666667,42.057350987,1.24932355174,0.28775972021,3.88968912936,0.124815707783
PL,2006,4.64583333333,19.7130952381,26.0166666667,34.2236186782,0.688985452598,0.26110948916,2.74004465196,0.0973450723018
PL,2009,6.66666666667,55.8444444444,79.7861111111,58.0158618498,0.571040529447,0.558590175476,3.09786645585,0.130237822092
PL,2012,16.7763888889,46.2513888889,100.814285714,80.9380879306,0.644301274286,0.292174957324,2.26416046845,0.128767669814
PT,2000,0.0,0.333333333333,6.63333333333,10.876489899,0.0,0.0565603301867,12.7452049919,0.331161395417
PT,2003,0.0,0.27619047619,6.0,9.34791514042,0.0,0.0292338323672,4.87983504079,0.205151745801
PT,2006,2.16666666667,6.83333333333,3.5,6.90238095238,1.71784387773,0.48388883812,1.97069400223,0.10496200828
PT,2009,4.33333333333,4.3,19.6,40.0204695767,1.65121163654,0.191339319222,3.38543060975,0.399663978747
PT,2012,2.0,6.80625,20.3833333333,26.3896103896,0.612128288073,0.34264788571,3.64823059776,0.334586815516
RO,2000,5.0,5.83333333333,8.75,6.2,4.27154137915,0.495880958085,8.42268392041,0.0945736344855
RO,2003,7.25,1.66666666667,3.0,13.0132936508,6.94070522621,0.148527445672,2.05426305086,0.240452111399
RO,2006,7.58333333333,8.66666666667,13.75,19.701031746,6.53223988088,0.666769123154,8.41132158926,0.325486189863
RO,2009,9.08333333333,2.93949013949,25.6333333333,44.1428124653,4.39452960469,0.1660711818,5.6214639513,0.559705180963
RO,2012,6.31666666667,9.62182539683,43.8333333333,39.709456747,0.996308183612,0.2496266306,4.0430103836,0.259455615358
RU,2000,1.33333333333,22.6023890924,15.6515151515,96.9113198838,0.357385408005,0.60283498853,4.7269640827,0.463806002227
RU,2003,38.5333333333,107.915421935,96.8333333333,221.372519437,1.61744010231,0.421664956534,2.90727233557,0.179345756994
RU,2006,72.7929292929,218.130521284,141.122222222,482.298356785,1.57408475146,0.421285742063,2.16717450526,0.200030543461
RU,2009,88.5166666667,243.726319444,227.905555556,603.276532687,1.20353831003,0.386983478407,1.40464630828,0.214972785629
RU,2012,88.1285714286,168.582593162,176.133333333,524.360413211,0.740321702942,0.232940061571,0.865246648509,0.182472338893
SA,2000,0.0,0.0,0.0,1.02506613757,0.0,0.0,0.0,0.149281133567
SA,2003,0.0,1.04395604396,0.666666666667,0.775,0.0,0.411525001453,2.01929416575,0.0633430712917
SA,2006,0.0,1.47916666667,0.0,1.90972222222,0.0,0.324842143023,0.0,0.0900628458709
SA,2009,0.0,2.68472222222,0.2,4.84861111111,0.0,0.386797534308,0.111850108939,0.15677570065
SA,2012,0.0,7.8080952381,0.666666666667,17.0103968254,0.0,0.403020057412,0.122336827818,0.221121865428
SE,2000,12.7638768095,107.904565826,52.9551587302,666.840269763,0.37805159448,0.318019914113,1.76727681904,0.352658263814
SE,2003,5.21746031746,118.325755608,69.1913492063,327.878434643,0.153370531266,0.32378328341,1.45480161002,0.186025033629
SE,2006,13.1426282051,74.406736156,28.0611111111,234.546542136,0.364957596026,0.184541415799,0.553381465817,0.124919672458
SE,2009,24.75,111.599531025,97.4797619048,344.772115189,0.539738387873,0.284200998691,0.963606600815,0.197048177337
SE,2012,68.1162698413,73.3603174603,80.7819444444,199.989104652,1.19527467528,0.211741393981,0.82894512905,0.145373948909
SI,2000,0.0,3.75,1.0,10.3650793651,0.0,0.464850120032,1.40366506833,0.230553682721
SI,2003,0.0,5.14285714286,3.0,2.63095238095,0.0,0.375736426618,1.68413511862,0.0398543040746
SI,2006,0.0,3.96666666667,1.5,2.91428571429,0.0,0.214716932794,0.64560962968,0.0338760623953
SI,2009,0.333333333333,3.23333333333,2.33333333333,6.30952380952,0.147853053905,0.167477766111,0.469143325079,0.0733466566215
SI,2012,0.623333333333,5.39431216931,2.5,17.9287037037,0.170573716087,0.242803833766,0.400061158711,0.203237591693
SK,2000,0.0,1.33333333333,0.0,0.7125,0.0,0.208743129424,0.0,0.0200159438627
SK,2003,0.0,8.86,2.0,7.71,0.0,1.23652877623,2.14475327072,0.223104477442
SK,2006,1.0,7.2,7.0,4.62027777778,1.26077537159,0.81075870717,6.26751406943,0.111724242939
SK,2009,5.41666666667,1.59226190476,3.04166666667,8.21746031746,3.48709097287,0.119701832088,0.887605506244,0.138643964051
SK,2012,3.5,5.56111111111,9.16666666667,17.5,0.99577772519,0.260245746644,1.52510737977,0.206250876278
TR,2000,3.0,1.0,4.0,2.91577380952,4.18673111448,0.138867251354,6.28986962016,0.0726559895916
TR,2003,0.0,1.44762786596,3.0,2.34166666667,0.0,0.0739580796637,1.177678601,0.0248048821429
TR,2006,3.92857142857,6.05802373581,5.97619047619,18.8392496392,0.694554531609,0.095658611885,0.750335833586,0.0638817659906
TR,2009,9.91666666667,45.7162698413,31.5833333333,31.9187830688,0.708600592371,0.381471159207,1.02298899545,0.0597742733607
TR,2012,13.6595238095,42.2344444444,42.1083333333,48.168968254,0.544183487749,0.276760617661,0.98100782849,0.0794951320789
TW,2000,19.3738095238,265.961038961,6.66666666667,9847.34018251,0.447126886102,0.610772963841,0.173361372703,4.05787324662
TW,2003,23.7293123543,490.054437229,33.7833333333,11702.5591106,0.309069369299,0.594165604923,0.314733171127,2.94189675803
TW,2006,78.0321898853,1036.00424132,130.153571429,13240.4378933,0.640479663652,0.759476764375,0.758660023731,2.08437336676
TW,2009,85.8011904762,1645.72149832,330.484082298,13550.1465018,0.457184992335,1.0240239648,0.798226976596,1.89223393734
TW,2012,171.401190476,1080.84599537,366.037301587,14138.4874026,0.529301783954,0.549011000655,0.661012221738,1.8086555433
US,2000,254.491971081,4804.93019882,101.096140379,23358.2533977,0.554228809484,1.04123346796,0.248071814894,0.908278750181
US,2003,373.700290895,6347.04610377,301.250006938,31219.0541451,0.594559955295,0.940018154987,0.3428218478,0.958666897916
US,2006,434.828771511,6192.75759911,467.476045705,33545.4055559,0.580030520729,0.737799001697,0.442844746098,0.858237007988
US,2009,494.145249989,5596.83811089,1223.12474454,31785.5997106,0.517862457738,0.684948113804,0.581042309918,0.87301639046
US,2012,726.333016934,5009.55295377,1416.62000842,27660.9684447,0.48844122604,0.554119205847,0.557088916982,0.770561485974
ZA,2000,0.75,16.3416666667,0.0,6.66111111111,0.374700942707,0.81239247906,0.0,0.0594201818735
ZA,2003,0.157894736842,19.2771062271,0.8,6.80396825397,0.0658185002469,0.748022287537,0.238528085167,0.0547417123673
ZA,2006,0.0526315789474,14.5158163265,4.55555555556,35.9005875077,0.0174718144745,0.430382380333,1.0739709115,0.228578186823
ZA,2009,0.0,26.0242913832,6.89285714286,39.8253968254,0.0,0.869202360574,0.893641519328,0.298523932959
ZA,2012,1.66111111111,15.2,6.96666666667,24.9774531025,0.389263394691,0.585890121427,0.954694750382,0.242469114016
